Engine Power (cc),Mileage (km),Depreciation / year,Price,COE Remaining,Car Age
1997,72000,16380,102888,5,5
2356,42000,13960,125000,8,2
2362,245155,17860,42500,2,8
1998,165000,9950,33800,4,11
1799,,11820,36800,2,8
1339,118000,8710,13200,1,9
1997,20500,20570,188000,8,2
1399,,7300,25888,4,11
1995,125000,12430,46800,2,8
1395,50297,13900,110800,7,3
1591,64000,9530,20800,2,8
1598,,9400,39800,4,6
1595,,6860,22800,4,21
2362,121000,8580,85888,10,10
1997,98000,13130,45800,3,7
2982,,7960,39800,5,9
1597,143000,13500,57800,3,7
2664,,5600,28000,5,15
2500,140000,12250,32800,1,9
1998,172000,8180,70800,9,11
1339,177000,13030,18800,1,9
1390,102017,9440,34800,3,7
1599,,9100,26800,3,12
1591,19000,8540,83500,9,1
1496,47000,9660,81800,8,2
1598,9300,9170,75000,8,2
1994,100899,9690,35666,3,7
2979,39000,29120,276666,8,2
2982,,10310,102802,10,0
1596,97056,10950,57888,4,6
1596,31000,8930,68800,7,3
1799,95729,8370,41888,1,9
1987,81100,12630,40800,3,7
1591,98000,8970,26000,3,7
2995,66492,15440,58800,2,8
1995,102323,11870,59800,4,6
658,120000,5290,25888,5,10
2979,,24390,147000,5,5
1590,,10660,42900,4,6
1999,111523,,16800,1,9
1995,118993,13600,73800,5,5
2261,73,21620,224988,9,1
3798,17000,76950,578000,6,4
1798,119000,16150,60000,3,7
4806,98000,35060,159000,3,7
1461,52178,7310,53888,8,2
1995,84763,12970,73188,5,5
2497,,17010,57500,2,8
1968,,8530,83800,10,0
1597,,6110,22800,4,11
3498,5285,20110,236800,9,1
1998,,9490,98800,10,0
2362,131000,10550,52800,5,9
3456,103000,18410,96800,4,6
1995,123000,15080,42500,1,9
1796,,16110,56800,2,8
1496,15,8750,86800,10,0
1995,58500,16340,68900,4,6
1499,106318,9700,35800,3,7
1997,55800,16610,113000,6,4
2996,174000,13050,45800,1,9
4395,63000,34700,208800,5,5
1799,141000,7710,26300,4,11
3598,29000,31220,171800,5,5
1598,116133,9050,35888,3,7
1584,,7020,24838,4,11
1497,51502,10620,50800,5,5
2664,,11400,26800,3,12
2998,,7970,51800,7,3
1499,,8560,42800,5,10
1399,95280,5700,12888,2,8
1995,92000,11680,63800,5,5
1496,16000,8380,83800,10,0
1999,103000,11840,62800,4,6
1597,80000,22410,67800,3,7
1560,59150,10970,83800,7,3
1595,51800,15240,118811,7,3
1497,25728,8730,82800,9,1
1995,108000,16030,80000,4,6
1595,8000,15330,155800,9,1
2179,125000,16440,105000,6,4
1598,106000,11090,64800,5,5
1086,130000,7240,16800,2,8
1496,140000,7580,37800,5,10
13074,,13150,65800,5,10
2953,,10530,20800,2,8
1362,48000,9190,84800,9,1
2378,,10370,26200,2,8
1591,89083,8890,29777,3,7
1496,,11210,26888,2,8
1998,,7750,77500,10,10
6208,68000,35360,193888,4,6
1798,58000,13990,82800,5,5
1591,70000,6590,19800,3,7
2996,100,23880,286000,10,0
1999,37000,16840,180800,8,2
2998,110272,8000,54800,7,3
1597,152345,12380,44800,2,8
1591,112100,8550,20800,2,8
1798,31088,17440,129822,7,3
1498,134000,7760,38800,5,9
2995,56000,15130,84700,4,6
4806,67000,34980,218000,5,5
4497,,88890,538888,5,5
1496,16000,9390,82000,8,2
1598,77000,9540,47800,4,6
3456,138000,14860,57600,2,8
1591,67000,10330,53000,5,5
1991,60000,15830,112800,6,4
1591,104888,8110,30800,3,7
1984,72000,16580,102800,5,5
2457,159000,,20000,1,9
1994,95000,9120,29800,2,8
1390,80000,10310,49800,4,6
3598,67000,29110,230888,6,4
1496,,9660,48330,5,10
1496,,9400,94800,10,0
1999,29500,14690,141800,8,2
1598,155880,7560,24800,4,11
3824,135000,17870,178800,10,9
1799,112000,8960,44800,5,10
1496,,9580,25500,2,8
1584,190000,6040,26500,5,10
1390,32600,9180,74888,8,2
2198,,17010,143800,9,1
1499,48000,13730,118888,8,2
3153,,7140,20800,3,12
3605,97000,31610,138800,3,7
3598,61000,27540,193800,6,4
1497,150000,8700,19800,1,9
1598,,12600,28800,2,8
1598,,6800,24800,4,11
1995,125000,7460,71888,10,10
1999,39000,14930,157000,8,2
2359,57600,13180,99900,7,3
1598,,7460,21900,2,8
1496,,12550,13800,1,9
1796,82000,18130,78666,3,7
1497,,9050,19800,1,9
1495,78000,8430,47500,5,5
1591,,8840,21000,2,8
1796,,13210,28000,1,9
2996,108000,16410,106500,5,5
1390,,10380,46800,4,6
1998,45000,13800,74500,5,5
1796,140000,8780,87800,10,9
2496,128234,8780,31888,2,8
2261,124000,9110,30800,2,8
1997,69095,17750,101800,5,5
2979,84123,12940,129500,10,8
1598,101000,7830,34800,4,6
1998,42552,11430,98800,8,2
1490,,5780,8888,1,9
1598,7400,8140,74888,9,1
1999,,9870,39200,3,7
1984,146700,11970,29988,2,8
1995,96000,14490,80800,4,6
1390,,11670,93800,7,3
2362,125000,12230,48800,3,7
1799,,13880,52800,3,7
1390,76000,10710,61800,5,5
1796,90000,12010,32800,2,8
1994,,6420,17321,2,8
1998,170000,8910,27500,2,8
1598,73298,10490,68800,6,4
659,,5340,24800,5,10
2362,,10350,51800,5,9
1997,95000,11980,50000,3,7
2488,18,8790,81000,10,0
1461,,7270,14888,2,8
2977,,7960,39800,5,10
1395,12000,13890,139999,9,1
1984,,11940,54800,3,7
1984,138080,10940,25388,1,9
1796,104564,15280,69300,3,7
2359,109000,12810,69800,5,5
2953,,7160,35800,5,9
4308,43000,,305000,3,7
2953,,7000,66800,10,0
1498,,8760,35000,3,7
2986,,18130,14800,1,14
1794,,8850,41777,5,10
1496,32000,8580,73989,8,2
1461,,7310,49800,7,3
2359,91000,14000,55800,3,7
1991,57,20340,202888,9,1
2997,22000,29600,269800,8,2
2362,,13090,56800,4,6
2997,82585,,43800,1,9
1598,,9870,32000,2,8
4608,,25580,277988,10,0
1591,82151,7060,14800,1,9
2773,69547,14210,79321,4,6
2977,,10160,20800,2,8
2496,119600,8050,37000,3,7
1498,104275,8720,22800,2,8
2521,89086,15950,87000,4,6
1595,113300,9460,17800,1,9
2354,132000,13190,22800,1,9
2982,18,8570,84800,10,0
1496,131000,11070,21800,2,8
2362,140000,17520,41000,2,8
1995,120000,10870,40800,2,8
658,168449,5090,23500,5,10
2997,76000,19030,112800,4,6
3999,104000,22330,80000,2,8
2996,25815,31040,323800,8,2
1591,96000,7060,14800,2,8
1997,77520,11990,71800,5,5
1998,112000,11270,112800,10,9
1995,110500,,46800,4,6
1339,,9200,14777,1,9
1390,124000,9840,38000,3,7
1998,157000,22590,43000,1,9
1595,180000,5780,49988,9,21
4395,15000,39750,355800,7,3
1596,68000,7540,19800,2,8
4244,75000,23890,158000,5,5
1497,,6270,20988,4,11
1998,142000,9410,28000,2,8
2953,,7160,35800,5,9
1998,108000,9460,27800,2,8
1496,,,,3,7
2362,140000,8910,86000,10,10
2953,,13540,17800,2,8
1390,138000,10280,30288,2,8
1560,80000,10600,79800,7,3
1995,99000,12910,44500,2,8
1598,87000,9360,57777,5,5
2494,150000,8160,40800,5,9
1496,6500,9630,90800,9,1
1799,,7960,39800,5,10
1598,45000,9860,80800,8,2
1591,110000,11350,32800,3,7
1595,160000,7340,30000,4,11
1598,37884,8760,77800,8,2
1994,,9520,30988,2,8
4244,57027,56660,113800,1,9
2979,30500,31740,328000,8,2
1598,61860,14320,59800,3,7
1591,143000,8410,23888,3,7
1998,123100,38190,38999,1,9
1998,36000,11240,101000,8,2
2998,4000,18990,193000,9,1
1798,64325,12900,74800,5,5
1597,118140,14750,45888,2,8
1461,,7440,69800,10,0
3824,21000,19870,198800,10,10
1998,,8300,83000,10,9
1998,33800,12510,91888,7,3
1595,70000,12700,93800,7,3
1997,,9950,85300,9,11
1498,63000,9470,64777,7,3
3456,160000,16850,57000,3,7
2967,59000,16520,149800,7,3
1339,98000,7050,33800,5,10
1997,99000,16390,95000,5,5
1591,195000,10020,31800,3,7
1591,39000,8590,52800,6,4
2996,51700,30460,298800,8,2
1799,125000,11760,23800,1,9
1390,62400,9070,39800,4,6
1598,36749,13430,101999,7,3
1794,140000,8270,29500,4,11
1497,108000,10420,39800,3,7
4691,51300,43160,169000,3,7
1499,227000,13410,18800,1,9
1597,,8470,78800,10,0
1984,73000,12450,73800,5,5
1998,,12320,20500,1,9
2893,,24750,129800,4,6
2362,150000,8720,85800,10,10
1995,41000,14830,83000,5,5
2953,,8890,30800,4,6
1595,6000,15500,157800,9,1
1591,,10750,45800,4,6
1997,69500,12910,74800,5,5
2261,144232,14060,22500,1,9
2198,25000,17780,129998,8,2
1395,20000,13110,123800,8,2
1600,75000,8910,64800,7,3
2982,,13530,24800,2,8
1498,198001,5740,13300,1,9
1993,139000,7330,20800,2,8
2497,128000,15750,74800,4,6
1995,122000,15480,52800,2,8
2999,,7320,34500,5,10
1798,122312,11970,44900,3,7
2184,,14800,11800,1,14
1984,130000,13510,45888,3,7
2773,120000,14150,79800,4,6
1329,,9890,68800,7,3
1591,72982,11300,62800,5,5
2986,,6390,30800,5,15
1799,113000,9610,39888,3,7
1560,,8710,84802,10,0
1560,18,7650,75988,10,0
1395,31000,14380,113000,7,3
1496,,,97800,,
2664,,7130,31800,5,15
1798,189000,,21000,1,9
1997,88000,14940,89321,5,5
1796,136000,14420,37900,1,9
1598,123456,9770,29988,2,8
2148,,6450,30000,5,10
6749,7550,,880800,5,5
15681,,11570,115800,10,10
2953,,7360,36800,5,9
1499,107511,8410,22500,2,8
1598,35126,9120,78888,8,2
2362,61000,16170,88800,5,5
1496,110165,7360,36800,5,10
1796,86461,14970,64000,3,7
1799,,10070,15800,1,9
1796,110125,15080,44800,2,8
1496,,10160,100800,10,0
2996,108000,15870,83800,4,6
1390,66255,9490,66800,7,3
3498,115000,19420,143800,5,5
2198,13000,18820,158000,9,1
1497,18000,8060,64800,8,2
1591,75961,10660,56988,5,5
1499,134000,8000,17500,1,9
1995,103000,14200,29800,1,9
4163,,16990,64800,2,8
2497,95000,13570,34800,3,12
1339,71000,9140,33000,3,7
1998,,10000,44800,5,10
1584,128000,,17800,1,9
2982,32,9680,95800,10,0
1794,,8760,43800,5,9
2362,110000,10150,50800,5,10
1597,98000,14840,83800,5,5
1399,90000,6800,24800,4,11
1339,,8620,17800,1,9
2996,107000,17060,98000,4,6
2995,80000,17820,95800,4,6
7545,,17470,45800,3,12
1799,105000,,14800,1,9
2982,,8200,36777,5,10
12913,56330,33610,228800,7,3
658,138000,5560,27800,5,10
1242,130000,7990,12388,1,9
1987,,12330,36988,2,8
1591,139104,7540,22800,3,7
1496,35000,9320,86000,9,1
1999,130000,7680,76800,10,10
1794,103000,8560,42800,5,10
2664,,14520,22800,2,13
1796,92000,19660,93800,4,6
1495,,9280,19000,2,8
1591,10200,7480,78000,10,0
1995,51159,14770,87800,5,5
1598,82000,7730,29800,3,7
1797,132000,12460,44800,3,7
1799,138940,,13100,1,9
1390,108000,8740,43800,4,6
1598,,,14800,1,9
1597,32749,7380,60800,9,1
1598,55233,9950,76800,8,2
1798,75000,13010,61000,4,6
2967,,31850,265833,7,3
1799,110000,9150,45800,5,10
1498,20000,9110,77000,8,2
2979,39000,26690,168833,6,4
1598,189000,7230,20900,2,8
1796,25500,11000,68800,6,4
1368,97000,7970,28800,3,7
1591,113222,9750,26800,2,8
1799,169488,7670,38388,5,10
1991,19938,21480,206800,8,2
1598,79000,13840,66500,4,6
1998,,11820,54800,4,6
1590,,7560,37800,5,9
1796,135000,12000,60500,5,10
1390,150000,10000,32800,2,8
1598,25000,11180,69999,6,4
1198,54986,9460,62888,7,3
2982,,17670,16800,1,9
1496,35000,9650,86000,9,1
1998,115000,7510,65000,9,11
1339,116268,8000,39999,1,9
1591,54000,9120,69800,7,3
1308,,12490,35800,2,8
1796,,18550,76000,3,7
2979,,28070,225000,6,4
2979,76000,18460,85000,3,7
1388,82500,9450,26800,2,8
1499,12000,11330,20900,1,9
2488,101000,9690,47800,4,6
1598,75000,8480,35666,4,6
2982,,8080,79800,10,0
1997,,12300,56800,4,6
1390,,9950,59800,5,5
2953,155500,7930,42800,6,4
1591,170000,7970,31000,4,6
1596,110000,7090,16500,2,8
2953,,7650,48800,7,3
1995,122000,13640,59800,4,6
1591,38005,9480,60500,6,4
1591,130000,11520,12800,1,9
1242,86000,6370,31888,0,10
1598,98000,9630,52688,4,6
1395,27188,9940,92888,9,1
1197,44000,9720,72800,8,2
1991,30,17180,202888,10,0
2979,,33600,330000,8,2
1496,19,,99800,,
1796,64700,17310,111800,5,5
1591,8531,8820,85800,9,1
2996,121000,19440,133500,5,5
2996,77000,15900,101800,4,6
4196,108000,17360,78000,2,8
2500,,12060,42800,4,11
1591,126000,8850,25000,3,7
1984,138000,16610,83888,4,6
1984,99000,15590,89800,5,5
3436,36000,30590,147800,4,6
2996,108000,16560,96800,4,6
1597,,13880,47800,2,8
2362,120000,17920,59888,3,7
1595,21000,15500,154800,9,1
1586,,15920,17500,1,9
1591,44000,8750,69000,7,3
1799,130000,,14000,0,10
2488,50,8400,78888,10,0
1997,,15930,90500,5,5
1339,,9310,14500,1,9
3605,47700,29560,265800,6,4
1591,100338,10000,47800,5,5
1368,41000,7640,64800,8,2
1197,60000,9090,48800,5,5
1496,,7040,35200,5,10
1986,112074,11840,38888,3,7
2497,,15830,78800,4,6
1796,,14850,81800,5,5
2977,,7990,37800,5,10
1997,150000,8500,24300,1,9
2996,101000,16540,78800,2,8
2773,144258,15040,42800,1,9
2521,90000,13960,79099,4,6
1597,118000,7510,14800,1,9
1499,,7100,35500,5,10
2500,108000,13900,61800,3,7
2979,75000,25330,135000,4,6
1999,5300,17370,189800,10,0
1296,,6080,9000,2,25
2982,,8000,76800,10,0
2500,124000,15320,79800,4,6
2953,,9820,19800,2,8
3999,57000,24660,131800,4,6
1197,46688,9220,69888,8,2
1794,,11140,19800,1,9
1998,165000,9620,22000,1,9
1598,116584,7740,35888,5,10
1598,70,11440,61800,5,5
2694,69000,15210,66800,4,6
1799,,7760,38800,5,10
1798,66000,12870,59999,4,6
1799,82499,8140,29000,4,11
1969,36000,15580,155000,9,1
2179,71000,14020,54800,3,7
2480,55555,8600,81555,10,20
1591,50555,7720,22633,3,7
2982,48094,8820,66800,8,2
1995,133764,15930,92800,5,5
4163,44500,129240,148888,1,9
3982,65,47520,585988,10,0
1987,118898,12300,35800,2,8
2997,,,51800,1,9
1999,,12010,56800,3,7
1598,86000,12510,66800,4,6
3798,1900,86160,614900,6,4
2354,47517,12830,102800,7,3
1399,117420,7530,18900,2,8
1995,57863,12880,64800,4,6
2497,112000,16820,62800,3,7
1395,100,12380,138000,10,0
1598,58551,11300,73800,6,4
1598,,9260,52800,5,5
1779,25000,,83000,4,39
1595,37996,15650,145800,8,2
1596,64000,11010,79800,6,4
2996,18000,31730,316800,8,2
4799,51679,22220,101800,3,7
2362,158888,15450,59600,3,7
2953,,10850,20800,2,8
2362,,8490,79800,10,10
1591,,8520,16800,2,8
1598,,8970,37800,4,6
1598,71875,17880,113200,6,4
2979,69000,24100,136800,4,6
2977,,7160,35800,5,10
2362,103830,10770,39800,3,7
1991,11000,20010,218800,10,0
2982,,15630,21800,2,8
1461,,7790,77802,10,0
1997,115000,10830,29800,2,8
1461,,8960,33999,4,6
1798,70000,13850,67888,4,6
1984,67399,14890,107800,6,4
5000,85000,16750,103800,4,6
1794,139000,8580,42900,5,10
1999,125000,11240,35500,2,8
1991,30,,208888,,
2982,,8230,60800,8,2
2184,,9830,22800,3,12
1588,140000,12030,17800,2,26
1994,200000,7800,19500,2,8
1999,123000,18240,103000,5,5
11967,,31770,245000,8,2
1797,,12280,121321,10,0
3824,98000,16970,169800,10,10
2362,,18080,61388,3,7
1799,81000,12110,69800,5,5
1999,66000,14650,97888,6,4
2497,118000,16650,64800,3,7
1997,16091,19310,113800,5,5
1390,125000,9770,52800,4,6
1598,88000,11580,65800,5,5
1390,98000,11360,64800,5,5
2497,105000,14840,60321,3,7
1390,,9830,21321,1,9
2982,,11970,55800,5,5
2184,155000,7440,26800,4,16
1598,110532,10260,47800,4,6
1390,138500,9680,34888,3,7
1339,122000,9230,23000,2,8
2378,69600,14070,56800,4,6
1910,,5680,26800,5,10
1598,100000,13020,36800,2,8
1999,75000,12010,71800,5,5
1995,108000,11320,56800,4,6
1598,98339,8750,38800,4,6
2998,,10280,96800,10,0
1796,95000,15840,103800,5,5
1598,,6570,24800,3,7
1598,81000,13740,50800,3,7
2496,65188,12470,45800,3,7
2773,,14600,80800,4,6
6262,19000,99460,990000,6,4
2953,,9520,26800,3,7
1598,,8600,76888,9,1
2497,18375,8520,58800,7,3
1598,,6840,16999,2,8
998,,20200,29888,2,47
1497,92156,10400,59888,5,5
2494,5000,17520,189000,10,0
1591,105000,7740,11888,1,9
1390,,9930,64800,6,4
2493,78,15370,166988,10,0
1999,160000,9410,20800,1,9
1796,71400,17650,70000,3,7
1991,44011,18160,163800,8,2
4163,54556,20370,111888,4,6
1461,,10100,35490,4,6
1997,65000,16690,125800,6,4
1598,,10190,24800,2,8
1799,,11980,34500,2,8
1598,146222,8240,11000,1,9
1496,,6760,33800,5,10
1496,7700,7600,64800,9,1
658,,5760,28800,5,10
1591,110000,7860,18888,2,8
1598,42098,11970,43333,3,7
1498,179256,8240,26900,3,7
1796,,13680,65800,3,7
1998,,11190,96800,9,11
1498,,,13500,1,9
1995,,12050,37800,2,8
1595,22000,15160,138888,9,1
1597,91200,14730,81800,5,5
2996,72000,20940,151800,6,4
2996,9591,29890,329800,9,1
1598,,8020,21999,2,8
1308,,12980,118888,9,30
1390,88331,9910,51800,4,6
1598,,10040,46800,4,6
1997,40000,12530,68800,5,5
2521,,,25800,1,9
1339,123000,12020,16800,1,9
1598,77000,10320,68500,6,4
3696,53000,14560,85800,4,6
4163,85000,21750,95000,3,7
1598,106000,13000,32800,2,8
4691,86000,37830,145000,3,7
1998,82326,8970,44888,5,9
1390,101000,10370,59800,5,5
1999,77000,17130,109800,5,5
1498,120000,6560,32800,0,10
3933,,8060,41800,6,4
1591,93100,8770,27800,3,7
3993,7400,57620,650000,9,1
1591,,8170,21800,2,8
1498,,7400,16999,1,9
1994,,7430,19800,2,8
1497,140000,8560,18000,1,9
2979,4700,38960,462800,10,0
2996,52000,19000,147800,6,4
1368,76000,11030,33500,2,8
1798,19000,14030,123500,8,2
2982,,8530,83800,10,0
1498,104655,8890,41800,4,6
2953,,7760,38800,5,9
1496,42000,8890,80000,9,1
1799,120000,8430,40800,5,10
1598,41000,13590,92800,6,4
1499,130000,9260,19800,1,9
1496,106880,12880,17800,1,9
1248,,7160,46800,7,3
1984,88000,15780,93800,5,5
2979,113000,16970,70800,2,8
1198,13000,8340,71800,9,1
1984,145000,11410,45900,3,7
7545,,22830,89800,4,11
1591,124000,9340,20500,2,8
2494,60081,15360,129800,7,3
2499,150000,8950,19800,1,9
2457,,16750,29800,1,9
1984,140000,11540,40000,2,8
2977,,10440,43800,5,5
1796,,11800,33000,1,9
2488,,7830,77800,10,0
6498,12000,112860,655000,4,6
1499,115000,9670,25800,2,8
2497,40000,19000,40800,1,9
2359,92000,13100,91800,6,4
2979,54400,16540,158000,7,3
2457,140000,8250,80000,10,10
1998,118951,9170,23300,2,8
3993,4170,57740,508000,6,4
1598,,11370,54800,5,5
1197,20340,9870,93900,9,0
2354,161000,,16900,0,1
2499,111188,8350,33000,4,9
4806,57777,37110,258800,6,6
2359,130000,10470,39800,3,0
2982,,8350,78800,10,7
2488,12000,11010,104151,8,3
1595,,14600,93900,6,11
1591,128000,8550,15800,2,6
1995,83000,13750,66800,4,6
2500,40000,17550,160800,8,9
3605,109000,30050,159800,4,8
1591,168865,9140,20300,2,9
1997,130000,17020,96800,4,9
1399,,5300,8500,1,3
1598,8000,15240,143900,9,8
1999,58000,18860,186800,8,2
2497,,14460,39800,1,7
1595,96000,9350,34800,3,5
1598,70000,12180,88099,7,3
1997,88587,18870,105800,5,9
1390,54000,8840,69666,8,6
1598,115670,9470,46800,4,8
1796,128000,14280,54988,2,8
1497,81000,10200,25800,2,0
1560,,4540,21500,5,7
3498,72000,15430,76800,3,8
2998,753,35520,395000,10,9
1496,,9880,36800,3,10
1799,,12910,31800,2,1
1998,177000,,49000,1,9
1809,,27640,40888,2,21
2979,,15180,75500,2,11
3955,2000,18460,188000,9,7
2977,,6760,33800,5,2
1984,108000,13090,42800,2,8
2500,122000,18000,63888,3,8
1595,25000,16170,139800,8,7
2996,118000,15630,75800,2,11
1999,95090,14190,92800,5,7
1598,90943,8360,33800,3,9
1584,,7480,23988,4,3
1390,119897,10820,45600,3,4
2982,,9280,49838,6,7
1591,117425,5820,12888,1,8
2672,94361,17760,115900,6,9
1596,90000,8810,34800,3,9
1997,98000,15590,93800,5,7
1799,113581,11190,36800,2,7
658,115250,6490,11888,1,3
1339,116911,9390,36800,3,8
1591,94000,8680,30500,3,8
1390,98569,10310,43800,3,9
1598,34000,11010,81900,7,2
1591,129315,7760,17888,2,5
1390,52000,10680,26800,2,3
1598,151400,7650,76500,10,10
2982,,8900,69800,8,8
1584,145000,,8900,1,10
1598,,10560,62800,5,6
1984,17000,18440,148000,7,8
1498,,8810,24988,2,8
6208,46000,35530,210000,5,8
1984,17000,18240,162800,8,
1998,,10900,32800,2,4
3456,72000,17140,145900,6,9
1796,189000,12570,40000,1,7
2362,19,,160800,,8
2664,,6320,27800,5,6
659,87800,8670,15000,1,9
1591,81000,10300,49800,4,8
1799,,8360,41800,5,9
3696,,16720,67888,3,1
2521,,15460,103888,5,8
1496,25000,9190,79800,9,2
2773,55049,17910,115800,5,0
2497,120000,14430,46800,2,11
2982,,8190,78800,10,9
989,,6670,23800,4,9
1781,,8350,37800,5,4
1368,,8860,19800,2,8
1591,143052,6260,12800,1,20
2354,110000,11150,33800,2,8
1998,170000,6360,31800,5,7
2967,13500,28470,218000,6,4
1395,61223,11830,76800,6,10
1598,49500,10920,68800,6,10
2497,169000,,36800,0,2
1991,200000,11510,18000,2,7
1598,128941,7690,34888,5,9
1984,106000,11690,29800,2,7
1242,113000,5360,11900,1,9
1339,128383,8550,18500,1,8
1995,,12560,43500,2,1
4691,2900,44820,500000,9,5
1997,90000,8260,25800,2,9
2672,47659,17030,156800,8,7
2982,17000,8580,59800,7,10
1591,119000,10120,48800,5,7
2982,,8070,38800,5,9
1997,111907,10710,39500,3,6
1796,132000,8580,85800,10,8
1497,105000,9850,19800,1,9
1360,,8970,20800,2,9
1390,60000,9560,25800,2,2
1597,86000,15610,73000,4,8
1997,144000,11200,24800,1,14
1584,97707,7510,34800,0,8
1390,45732,11730,102800,8,10
3999,24500,30600,168000,4,8
1497,130000,10330,29000,2,6
2979,132000,17630,75800,3,7
2967,,16800,106800,5,8
1796,100000,16000,78800,4,2
1987,93000,13760,45000,3,8
1399,106000,7990,29000,3,5
2488,,11680,95800,8,9
2362,,12220,29800,2,7
2360,,11070,108888,9,10
2494,108000,12660,69800,5,9
1597,90254,,8900,1,8
1390,103000,10260,40777,3,8
1495,96284,11150,21800,2,1
1998,130000,12940,34500,2,9
1997,9000,19720,208800,9,3
2488,143000,,18800,1,10
1598,,8830,19800,1,8
1598,55000,14830,125800,8,11
1595,62000,13860,111800,7,8
2982,178000,8000,37888,5,8
3456,234000,14380,37800,2,8
1595,,5800,58000,10,9
1799,161307,6320,53800,9,1
2393,103000,9180,24800,2,
2995,19,,486800,,3
1995,,16170,18800,1,3
2982,181000,7470,31800,5,4
1596,,,,5,7
1991,90000,17710,145800,7,0
1984,,12350,44000,3,8
1991,,22870,183800,7,8
1598,70100,11410,46800,3,10
1975,116088,9310,20822,2,7
4608,169295,16250,69800,2,7
1599,,7630,33800,5,0
2521,92500,10320,49800,3,9
3436,22500,49410,179800,3,9
1590,69600,8280,17800,2,1
5998,74000,,155000,1,8
3999,107000,24440,124800,4,7
2996,66000,15990,81800,4,11
1591,,6970,19321,2,7
2494,43000,15440,139800,8,8
1595,7415,13170,127800,9,9
1497,106467,11440,19800,2,7
1999,169000,8620,15999,1,9
2497,129000,15140,82800,4,11
1998,,8720,21800,2,8
1799,159000,8830,28800,4,1
4691,57000,41320,125888,2,7
4462,,13070,35800,3,8
1598,145000,10090,15988,1,8
2979,12500,24500,238888,9,6
1995,,12460,52800,3,9
5998,32000,57010,398800,6,7
1598,,8100,30800,3,19
2982,,8210,79800,10,8
989,,5460,15800,3,7
2496,49957,10950,37800,2,8
2977,,7430,35800,5,10
1598,125000,9760,28800,2,0
1995,,7480,18800,3,2
1994,183000,11050,27800,2,0
2982,,8650,82800,10,8
1984,21000,11870,115000,8,5
1390,101000,9320,51800,5,5
1598,39537,11780,65000,5,8
1498,,9700,12800,1,8
1490,85000,8130,10900,2,7
1598,116768,8200,21300,2,9
1595,147000,10380,25800,2,9
2979,23000,21200,224800,8,7
1798,110430,12070,42800,2,9
1598,79869,13470,89800,6,9
1591,171000,8500,19800,2,9
1998,,9690,37800,4,5
5000,78000,22850,148000,4,11
1595,86199,14810,102800,6,8
4163,145000,15820,64200,2,17
2362,108021,10800,51888,5,8
1242,85926,8430,15200,2,7
2773,19000,16840,142800,6,7
1497,114000,10060,24388,2,10
1997,,15570,92000,5,3
1799,128000,9220,42800,5,7
2996,73000,19820,173800,6,6
1591,67000,8000,30500,3,9
2979,46000,9870,98800,10,9
1997,,9200,20500,1,10
2687,,10880,108888,10,8
3993,50000,25130,173800,5,8
2982,18,8600,83800,10,9
1984,,7810,27700,2,1
12882,,13750,68800,5,2
1998,141000,10050,46800,4,10
1998,,12380,44800,3,5
2982,18,8470,83800,10,1
1998,250000,17000,20000,1,0
2500,32000,17840,116888,5,8
1339,112500,9920,15500,1,6
1595,35600,12640,119800,9,0
2982,18,8470,83800,10,8
1591,118000,7940,16500,2,6
1997,95000,11710,52800,4,19
1597,,7600,73900,10,9
1995,,10610,34321,2,10
2953,,9030,29900,4,9
1997,,10890,109000,10,0
1497,125357,7670,35888,5,10
1242,73000,6780,33900,1,2
2457,116000,9110,18388,1,7
2457,110256,8280,82800,10,5
1975,144123,7980,15800,1,9
1390,,8410,28800,3,2
1591,,10170,24800,2,9
2354,,14240,88800,5,6
1308,170000,7790,20000,1,9
3999,112500,21230,113800,4,6
1496,,7760,38800,5,9
1598,,7880,33333,4,2
1390,95497,9110,42800,4,9
2354,110000,11260,36800,2,7
1799,138022,10710,20388,1,1
1598,84000,12300,66800,4,4
1590,6213,8010,79800,9,6
1997,80000,14710,95321,6,4
2687,,11790,118000,10,7
1598,162000,11420,39800,3,8
2521,131000,14930,78500,4,9
4691,4500,40830,348000,6,8
1797,,11760,28800,2,8
2979,,24890,153888,5,10
2996,112000,18600,36000,1,2
1994,124000,,14800,1,8
1461,27000,8840,80800,8,9
2497,170612,22510,105000,4,9
2261,119000,9250,34800,3,6
1984,93500,12390,49800,3,8
1975,151000,8940,17988,2,5
1591,110370,9880,38800,4,5
1999,120000,10440,32800,2,7
1596,130000,10560,62888,5,10
1595,83000,10970,35000,3,9
2179,45584,14630,133800,8,9
2261,19463,20360,208000,9,1
4608,113000,10970,109800,10,9
1390,5078,10090,100988,9,5
1339,222996,,14988,1,2
1984,81000,14610,91888,5,2
1798,88400,11950,36500,2,5
1998,30500,12740,115000,8,9
3855,1900,68440,738000,8,8
2494,34000,12000,112800,8,7
2497,,15710,86800,4,0
1591,,8700,30800,3,9
1799,109300,10870,25800,2,8
1390,89326,11790,65800,5,10
1598,113680,10290,26800,2,8
3498,138000,9600,42333,2,9
1586,126000,13610,21800,1,6
2979,24800,18230,144800,6,9
1595,,13720,129800,9,7
1999,110000,15860,109800,6,7
1498,118796,7260,16200,1,2
1598,,,,1,7
1591,93300,8930,25800,3,9
2982,,,,10,8
3456,103900,15440,56800,3,6
1390,18000,7520,70800,8,7
2362,,15410,54800,3,10
1498,90000,8560,21833,2,1
2497,80000,15850,63900,3,8
1798,,8880,27800,2,11
2997,108000,18590,89800,3,24
1598,,10280,22800,2,4
1598,68000,14720,90000,6,8
1495,,7400,29800,4,3
1595,47000,14910,96888,6,3
1339,101000,9090,23200,2,10
1798,55900,11590,88800,7,9
1595,17000,13110,132800,9,5
1598,81000,10700,58800,5,5
2362,51000,15050,95800,5,10
2362,,11400,53800,5,5
1598,155000,8170,26333,4,10
5000,8200,35940,339888,7,10
1390,80000,10600,62800,5,0
1495,,7360,36800,5,9
2982,,7850,35800,5,7
1986,30,12460,134998,10,9
1598,37052,8490,77800,9,2
1598,110389,10710,29998,2,10
659,104164,6330,31688,5,7
2497,98000,16060,80500,4,9
1390,125000,10150,31800,2,6
1368,,8210,12999,1,7
2362,68281,16400,73800,4,12
2996,73000,31240,290000,7,6
1083,88803,4880,12900,2,7
1997,138720,9830,28800,2,9
1598,108000,10270,23888,2,9
4497,19500,99270,678000,6,10
1984,84860,13480,93800,6,9
1596,72000,10170,69800,7,9
2977,,6900,33800,5,2
1496,17500,9770,76000,8,5
1591,,7770,19800,2,8
1590,33000,8680,71800,8,0
1560,59000,10730,79800,7,9
1497,,8370,19988,2,9
1598,121317,8730,39800,4,1
1390,,12440,122800,9,8
1598,67000,10210,76800,7,7
1794,96000,,18800,0,8
1496,61300,7350,16888,2,7
1498,,9160,39800,4,7
1798,118000,13780,47800,3,8
1998,93000,13110,78000,5,10
1796,112000,21720,34800,1,5
1497,98500,7910,45888,5,3
1987,150000,11380,42000,3,8
2982,,9320,58800,7,7
2362,91600,15190,51700,3,6
1149,81201,5380,9800,2,8
2359,100000,10720,46800,4,7
1794,98188,9150,45800,5,8
1496,54890,8600,80500,9,5
1496,111617,9470,19800,2,8
1598,93000,8740,48800,5,0
1560,,7430,17800,3,9
1595,,8440,27800,3,9
2979,25500,20790,215800,9,8
1798,,13310,58800,3,8
2488,30200,13730,94800,6,7
1998,,11830,24800,2,11
1984,56000,26250,216800,7,10
1390,78000,10170,47800,4,7
4961,67000,35980,360000,10,9
1997,180000,9350,46800,5,8
15681,,15560,75000,5,5
2773,172000,13750,77000,4,7
2496,89000,12280,72800,5,6
1984,139000,10920,38900,2,5
1591,113000,7730,22866,3,0
1998,55000,19610,95000,4,8
1994,179000,10950,36800,2,8
2360,122000,11490,38900,2,8
2953,,10760,18800,2,9
3387,112000,,112888,10,1
1390,62000,9900,62800,6,2
1496,15000,9610,92800,9,9
1796,,14550,38800,2,8
1086,149000,6880,13800,2,6
1998,49000,12000,108800,8,9
1799,108000,8400,36838,5,8
1999,26000,10300,99800,9,0
1598,120000,6900,16800,2,8
2496,,7310,20800,1,4
2378,,8730,39800,5,8
1799,110000,10270,35321,2,7
7545,,14960,79800,6,7
2497,120000,13930,56900,3,2
1991,33500,17960,162000,8,2
1598,,6970,27800,3,4
1598,90000,7830,25321,3,8
1595,51000,12730,93800,7,8
2997,26000,27440,258000,8,9
1490,,7850,19800,2,9
1998,,11750,39800,3,8
1986,16600,12860,131800,9,0
1997,126000,11280,38800,3,9
2996,115000,29070,68888,1,9
1591,,8790,22500,2,7
2493,27000,16590,155800,9,2
1339,,8880,13200,1,10
1984,168000,19580,78000,3,0
7545,,13410,105000,8,6
1497,18000,8880,89000,10,9
4244,74500,36990,175000,4,7
1796,120000,14050,60000,3,9
2953,150000,9310,35888,4,2
2996,80000,18010,114000,5,2
1390,105200,9410,46800,4,3
2995,1358,28290,317800,9,10
1497,165947,10030,20800,1,7
1968,13630,7830,63800,8,5
1598,62994,8000,55888,7,9
1497,,7360,36800,0,5
1796,92707,17430,102800,5,10
1390,62500,11370,64500,5,19
1991,68000,18670,132800,6,1
2982,,8340,36000,5,9
3498,129900,17240,48800,1,2
1498,85000,7360,36800,5,0
1496,20527,9380,78800,8,7
1998,,22820,50000,2,8
2457,100000,8090,72000,9,3
1598,,10400,63800,5,2
2982,,7990,78800,10,6
1560,,9230,73800,8,9
1591,,9800,45800,4,9
1498,,8710,28300,2,0
1998,100000,10760,48833,5,5
2977,,23020,26800,2,3
2362,1600,12940,148000,10,16
15681,,15050,69000,5,0
1986,25652,12940,123998,9,7
1496,,8830,87800,10,5
1498,,8410,30500,3,3
2979,68888,27630,250888,7,5
2521,46500,17650,113800,5,9
1796,80234,16010,101800,5,6
1390,39000,10600,64800,5,1
1598,147000,12560,44800,3,7
1493,46,16410,181988,10,11
1995,75000,15400,79800,4,10
1390,12000,10390,101800,9,9
2354,130000,10890,39800,3,3
1995,220000,11950,31388,1,3
2979,65000,26960,239800,7,8
2362,95000,16370,65800,3,11
1595,17000,17530,133800,7,3
1799,,10680,24888,2,11
1598,24000,9040,83500,9,10
1086,,5430,19800,4,2
1598,45500,14330,100800,6,7
2362,,14320,51800,3,2
1595,55000,14690,122000,8,8
2500,180000,8550,71800,9,5
1498,,9280,21000,2,8
1598,116000,10890,35777,3,4
1395,60000,10780,80800,8,7
1362,72198,10670,69800,6,11
2496,65000,9640,42800,3,12
1999,85000,14760,85800,5,9
2979,32141,26690,178800,6,8
1339,71000,9270,13000,1,1
2457,74000,12980,42800,2,4
2354,130000,,19800,1,4
1598,,8670,22777,1,10
1798,60000,12380,117800,9,8
2362,47500,15110,108800,6,5
1598,88937,13590,98800,6,2
1598,33000,9480,89800,9,9
2982,,8150,36800,5,8
1799,,11430,37500,2,5
3498,76740,18910,117800,5,9
2354,,13050,44800,2,6
1086,148038,6900,23800,4,8
3605,63000,29630,178800,5,9
2995,61618,15640,90888,4,7
1794,132000,11400,25700,2,9
1995,,11300,42888,2,9
2362,,,19800,1,1
659,128000,9310,14688,1,8
1598,70000,9930,53800,5,3
2979,62000,18430,103000,4,5
1598,87777,11270,70300,5,9
1995,110291,11890,35888,2,9
2979,,16280,85500,4,1
2496,78990,,88888,10,10
2378,105003,12350,45800,3,9
2360,30000,11290,105800,9,0
1586,148765,11440,23800,2,8
1997,20853,11700,107999,8,6
1597,139000,10690,26900,2,6
1598,50000,12310,39500,2,9
4244,14035,29470,169000,4,9
1997,40000,16540,144800,8,17
1468,,,18500,1,4
1584,137000,6140,27800,5,2
1595,71000,13560,88800,6,8
2982,,,19800,1,5
1998,90000,12870,63800,5,7
4691,40000,42850,225000,4,9
1598,102000,10510,35500,3,13
1598,30000,9580,71800,7,6
3799,,15870,158800,10,6
2986,,11810,20998,2,3
1598,87000,14920,68100,4,9
2184,,6250,27500,5,11
1499,6308,44350,458000,9,1
1591,,11430,64800,5,2
1995,103000,12160,47100,2,0
1595,25000,15730,153500,9,9
1798,51000,13410,108800,8,7
2982,,8070,78800,10,2
1995,,11600,48800,3,1
3993,46000,57370,413800,6,8
1461,62000,9940,73300,7,4
1986,19000,12810,120800,9,3
4691,17000,38720,278800,6,10
1598,66000,9950,59300,5,8
1796,,8870,88777,10,4
2362,92000,17890,82800,4,7
2497,159200,10790,39800,2,6
1798,,11090,52800,4,3
1984,49500,15640,109800,6,6
1390,83000,10650,69800,5,5
1591,39000,9020,69500,7,1
1390,86000,10570,45800,4,8
1595,57035,13870,126800,9,9
1797,,11460,108800,9,7
1591,,,,2,7
2488,90000,14420,70300,4,10
1798,130000,12760,33800,1,4
1995,138000,11680,47800,3,9
2953,,7640,36800,5,0
1197,12800,10010,93500,9,10
1991,73,16620,182988,10,10
2977,,7490,34800,5,2
1368,71000,10410,48800,4,1
1794,75000,8760,43800,5,9
2500,29000,17280,153500,8,1
2982,,8830,78800,9,8
2835,130000,7580,29500,4,8
2982,,7560,74800,10,12
2979,119000,16950,81000,2,4
2874,,9050,23899,3,6
1597,,7530,72800,10,8
1995,,11260,36800,3,2
1796,122000,13700,42800,2,6
1597,273000,7560,63000,9,10
1560,52000,10830,85888,8,5
1390,,8540,18333,1,8
1598,100200,8000,28388,4,8
1591,54000,9450,48800,5,8
1799,162500,13160,26900,2,9
2184,,12430,12800,1,2
1595,5700,16370,148800,8,4
1395,71612,11660,76800,6,8
1798,,21690,129888,6,9
1496,98000,9540,21800,2,4
1496,238,9140,92800,10,9
1998,137000,9660,79999,9,13
1995,96650,10850,34500,2,8
1598,178000,7720,13800,1,8
1590,19088,8320,73822,9,9
1498,104000,9900,34800,3,8
1598,,7960,39800,5,3
1591,90000,10270,43800,4,10
1799,116000,10590,24800,2,8
5193,,7090,33800,5,3
1984,,,,9,7
1995,,13310,46000,2,8
1796,81000,17990,82800,3,1
1496,,10190,101800,10,9
1999,35000,11150,88300,7,3
1497,123166,9900,34000,3,5
1998,,10940,31800,2,
998,130000,6050,9500,1,7
2143,69,,99988,,5
2497,79112,15740,84800,4,9
1498,15000,11700,115800,9,4
1339,,10060,50800,5,1
1598,127000,8300,19990,1,7
2354,75000,12180,83800,6,1
1997,30700,19050,186800,9,1
1248,,5560,26800,5,7
2979,10000,25150,263800,9,10
1997,17000,11630,108800,9,7
2362,,8720,19800,1,6
1248,,9500,28800,3,6
1390,99000,9570,46800,4,11
1390,72700,12910,74888,5,3
2953,,9100,35800,4,8
2998,,10160,99900,10,10
1598,,7310,24800,4,9
1362,61092,9990,75800,7,9
2354,151000,11660,39888,2,8
2982,,8270,38800,5,7
2354,150000,,21888,1,4
1798,125198,12420,38800,2,8
3456,,17850,67800,3,8
3153,,7000,30800,5,2
2979,99000,,51800,1,10
1368,70469,10490,52800,4,8
1560,,7880,10000,2,1
2977,185000,7920,38800,5,1
1591,92000,9590,25800,2,10
1493,,6670,26000,4,10
2996,20687,70140,98000,2,0
1798,90000,12520,78800,6,7
1496,20,10350,103800,10,5
1597,117000,14930,65000,4,8
1497,199000,9450,20800,1,9
1086,123451,7550,21800,3,1
659,,,22688,1,1
1584,,6390,18000,2,10
1496,22000,9510,86800,9,7
1332,82289,8180,19800,2,8
1998,10000,14960,158888,9,0
1390,100000,11030,63800,5,8
2354,,,,1,9
2982,,8560,83800,10,3
1591,89000,9660,26800,3,6
2496,140000,8560,28900,2,9
1591,165000,9910,29888,3,6
1995,139000,9730,38800,3,
2953,,9560,34800,4,8
1986,35993,12290,110000,8,8
2982,,,85888,,9
1984,120000,13340,39800,2,10
1560,25000,10230,92800,9,14
1495,95500,7330,28000,4,9
1496,,6860,34321,5,8
3153,,5850,24800,5,6
2995,129000,14410,65888,3,3
2979,96500,27130,155800,5,7
1598,,10390,36800,2,10
1595,51200,16250,113800,7,7
1995,132000,10950,22800,1,0
1496,120000,6700,33500,5,8
1598,133248,7640,34888,5,11
4691,36700,38480,167800,3,14
659,145000,6310,24888,4,0
1995,,10470,46800,3,2
1496,12243,9830,88800,9,6
2184,,16130,11800,1,5
2982,,8650,82800,10,3
1598,79110,11130,62800,5,8
1984,99000,17050,55000,2,8
1591,,7310,14800,2,7
2982,,7980,74800,10,6
2198,152191,14110,45800,2,7
1498,,9610,32777,3,5
1591,80000,8830,39700,4,0
1390,,11170,40800,3,5
1796,141000,19490,115000,5,9
1496,2100,10360,108888,10,0
1598,107000,7190,28700,3,9
1998,9615,10470,110800,10,3
1595,,13560,79800,5,8
1999,61000,12040,69800,5,10
659,,5360,26800,5,1
1498,,8270,23800,2,1
1598,7876,7730,79800,9,7
1987,115800,13520,41000,3,8
1796,105000,14760,68800,3,0
1591,66000,10900,25900,2,8
2979,28000,27630,255000,8,10
1797,23,10540,105800,10,1
1586,,13220,25500,2,7
2998,11750,20450,202000,9,8
1799,153089,8410,32800,4,1
2995,108000,19350,93800,3,5
2996,76000,16200,78800,4,8
1496,7100,8550,81800,9,4
1390,,10750,61800,5,16
1999,63400,14340,102800,6,8
2977,,8260,39800,5,11
2499,,8050,70800,9,7
1794,,8460,40800,5,5
1997,,15350,88000,5,10
2982,,7900,78800,10,9
2497,78434,16520,61800,3,7
1496,,6760,33800,5,6
1390,109000,10490,64800,5,5
4395,10000,28190,155800,4,3
1499,,10890,22800,2,10
1797,,12440,92800,7,7
1390,,9280,34000,3,19
1498,78555,6090,23555,3,7
1390,58755,9890,69988,7,3
2156,,,17900,1,4
1999,99570,10590,79000,7,10
2362,107000,8180,81800,10,9
1796,53000,11610,69800,6,3
2993,30000,27880,260000,7,7
1598,13801,8890,85800,9,5
1497,,7850,20800,3,9
2497,108000,15230,75800,4,4
5999,11500,,450800,1,8
1998,,14430,60000,4,10
1390,57075,9810,65800,7,6
1390,122000,11230,32000,3,5
1995,122533,10210,40388,3,1
1499,65000,12090,30838,2,24
1598,,8830,40888,4,4
1797,,,118888,,6
1590,20000,8010,78000,9,6
2960,152477,13970,60300,5,7
1086,95000,4300,13333,3,9
1598,136000,12200,50800,4,9
1390,105000,13910,53321,4,6
2999,,17240,18800,1,5
1994,118388,9430,34000,2,1
1997,,7400,12800,2,8
3498,79000,30060,273000,7,9
1984,6000,20250,218800,9,7
5204,,75430,925000,9,8
1799,,10980,23800,1,3
2299,,6470,6900,1,10
2354,145000,12580,43800,2,9
1591,112000,10790,24800,2,7
1461,,5370,26800,5,6
2979,73800,16410,98800,5,3
3800,63000,51370,250000,4,10
1591,116000,8750,40800,4,8
1591,,,,2,8
6208,29100,43570,169000,2,5
1994,160000,,17000,0,8
1498,,7150,19800,2,9
1498,154000,10260,22000,2,8
1598,43200,13070,74200,5,2
1496,15000,9750,79999,8,10
1797,41750,10940,89800,8,4
1799,,12530,36800,2,3
1997,79757,16910,121999,6,9
1591,,10070,22500,2,4
1598,112630,7760,22000,2,2
1399,100000,6600,21800,3,8
1339,169874,7530,27488,4,9
1984,109643,12120,40888,2,3
1798,,11930,35800,2,10
658,,4560,22800,5,8
658,,5240,24800,5,8
1796,89900,17000,118800,6,0
1591,134000,9030,20800,2,9
2967,4688,19760,226988,10,7
1496,190000,11280,16800,1,7
1995,120000,14020,57800,3,7
1399,118900,7900,22800,3,4
2995,78000,21800,157800,6,7
2982,,12180,26800,3,3
1499,101000,9150,20300,1,2
2999,20000,8690,61888,7,7
2996,,15840,69300,3,1
2143,,11660,102800,9,9
1598,89876,9070,56800,5,17
3189,155000,18670,36888,1,8
1999,97000,10850,32900,2,9
1598,167000,11110,17800,1,10
15681,,18390,83800,5,0
1798,145000,11500,69800,5,0
1598,8957,13480,134000,9,12
1968,,8580,82800,10,6
2982,,8230,77800,10,10
1796,113000,9420,69800,8,4
1994,90000,8020,16800,2,9
1591,83000,8300,15300,1,2
2977,,14930,28800,2,10
1248,,7450,6288,1,9
2497,79000,18530,45700,1,7
1991,23000,12840,120888,8,9
4163,,19100,51500,1,3
2521,142500,,31800,1,4
1596,98000,11400,73000,5,6
1390,62000,9460,70666,7,11
2996,126000,16080,85800,4,5
1598,68000,10240,49800,4,1
1984,46000,15440,110000,6,16
1461,12704,7680,69800,9,3
1598,120000,6500,19800,2,9
1390,86000,9650,36800,3,17
1997,34000,16640,127800,7,0
1991,57,23270,269988,10,6
3153,,7170,19900,3,3
3800,25600,67020,205000,2,7
1591,,9090,16800,2,0
2982,,8730,54800,7,1
3436,50000,27610,115500,3,10
2977,,7360,36800,5,1
2982,18,8410,83800,10,8
1998,12500,19640,199999,9,12
2354,91200,13460,43900,2,6
2496,,8980,23800,1,10
1598,70859,11240,61800,4,8
3436,40000,33470,226800,6,9
658,204000,4950,23800,5,10
1390,36060,10640,75988,7,1
2261,91115,14140,54800,3,5
1799,,8360,41800,5,8
1595,16000,12250,117800,9,7
1999,149000,,17000,1,10
1598,122000,9520,57899,5,6
2979,132000,26870,68888,2,1
2362,110000,15200,55800,3,9
1598,,9040,25900,2,9
1591,95000,9760,41988,4,11
2354,131000,12820,28800,1,5
1595,,11910,15800,1,1
1591,110000,10820,36800,3,8
1461,32000,12240,107500,9,9
2982,18,8410,83800,10,4
2982,,9930,85800,9,8
1997,,8510,22200,1,3
1598,53089,9730,65800,6,5
1598,130000,14700,39800,2,5
1598,,7910,48800,7,5
4608,109500,17700,125888,5,9
1997,73824,17010,93800,5,8
1598,115000,7970,8800,1,0
1598,107000,6440,17800,2,8
658,,8340,9800,2,7
1994,96559,8780,20800,2,0
1799,,8360,41800,5,9
660,15,10670,112788,10,9
2148,,10250,25800,3,9
1390,6873,10610,109988,10,9
1591,129000,11490,17800,1,8
1339,115000,7760,38800,5,7
4163,53000,20190,202000,10,8
1560,,7990,22800,3,1
1395,15845,10700,108988,9,11
1984,,13630,70800,4,7
2261,123888,8020,22000,2,4
2874,,7570,29800,4,8
1798,,13290,40800,2,13
1591,50025,7790,43300,5,5
1799,,7900,39500,5,9
1390,45000,12640,72000,5,12
1368,63321,9930,55800,5,10
1390,,8040,18688,1,9
1998,,8460,42321,5,8
1598,99800,9130,34200,2,2
1339,109000,8150,25000,3,9
2967,54000,26990,228900,6,10
2362,57025,18480,133800,6,4
2148,,5880,54800,10,9
2497,,11790,51800,3,8
1799,,8970,43800,5,7
1390,57819,9470,68800,7,4
1998,110800,11330,18500,1,8
2179,38000,14440,113888,6,10
1499,145000,9870,21800,2,6
1997,39000,18210,145888,7,8
1390,,8320,34800,3,9
12913,,9140,89800,10,10
1798,68000,11940,93800,7,11
1390,,10390,46500,4,4
2198,118523,9990,50800,4,0
1997,40000,16910,154999,8,8
10518,,52040,140000,3,5
1368,80000,6480,31800,4,1
1395,19388,11050,98900,8,9
1086,65408,7630,19000,2,6
1595,91000,14570,88688,5,9
1798,18500,13960,136888,9,6
1799,110000,11360,37800,2,5
2261,,9400,21999,1,1
1799,98000,12060,52800,4,11
1796,63000,16200,80800,4,9
1598,,10310,58500,5,0
1597,92000,15760,53888,3,9
2982,,7760,38800,5,9
2982,,7770,36800,5,8
1999,,11500,108888,9,26
2979,104500,16710,83500,3,2
1997,85000,15670,89800,5,13
2494,,7770,12800,2,10
1591,88000,9020,72666,8,7
2494,288599,6320,61800,10,9
1591,,9770,24800,2,2
5000,146092,21710,110998,3,3
2179,55000,14260,88800,5,9
1496,112000,9880,15800,1,2
